{"cameraMode":{"drawMode":0,"name":"Shaded","section":"Shading Mode"},"sceneLighting":false,"audioPlay":false,"sceneViewState":{"showFog":true,"showMaterialUpdate":false,"showSkybox":false,"showFlares":true,"showImageEffects":true,"showParticleSystems":true},"in2DMode":false,"pivot":{"x":-0.0037839412689208986,"y":0.3857041299343109,"z":0.0},"rotation":{"x":0.44977712631225588,"y":0.5318692326545715,"z":-0.4028923511505127,"w":0.5937116742134094},"size":5.155526638031006,"orthographic":false}